location_idx,lat,lon
64512,51.97,4.698
91107,53.194,6.873
75085,52.456,5.945
70783,52.258,5.5969999999999995
55930,51.574,4.64
50838,51.34,4.002
84450,52.888,6.09
70805,52.258,6.235
73894,52.402,5.336
42322,50.944,5.858
92271,53.248,6.699
81351,52.744,6.699
58671,51.7,4.959
57090,51.628,4.35
57108,51.628,4.872
62559,51.88,4.611
68426,52.15,5.104
66060,52.042,4.35
62167,51.862,4.553
71194,52.276,6.206
55156,51.538,4.814
62169,51.862,4.611
64164,51.952,5.916
66476,52.06,5.104
78554,52.618,4.756
57904,51.664,5.336
68042,52.132,5.2780000000000005
70744,52.258,4.466
49713,51.286,5.307
71151,52.276,4.959
56337,51.592,5.133
51291,51.358,5.829
91096,53.194,6.554
91897,53.23,7.163
79793,52.672,6.757
62560,51.88,4.64
53248,51.448,6.032
73476,52.384,4.524
66103,52.042,5.5969999999999995
54378,51.502,4.872
67310,52.096,6.67
47781,51.196,5.829
88324,53.068,5.336
61037,51.808,5.713
72722,52.348,5.2780000000000005
62931,51.898,4.089
68403,52.15,4.437
69201,52.186,4.959
57117,51.628,5.133
92268,53.248,6.612
77430,52.564,6.09
90679,53.176,5.771
86819,52.996,6.931
70772,52.258,5.2780000000000005
89156,53.104,6.844
52843,51.43,5.5969999999999995
57871,51.664,4.379
49649,51.286,3.451
63329,51.916,4.321
64902,51.988,4.698
61424,51.826,5.626
81283,52.744,4.727
64113,51.952,4.437
61785,51.844,4.785
68871,52.168,6.699
55166,51.538,5.104
79724,52.672,4.756
52064,51.394,5.626
94224,53.338,6.786
77383,52.564,4.727
57896,51.664,5.104
39986,50.836,5.974
80501,52.708,4.6690000000000005
73891,52.402,5.249
75046,52.456,4.814
77053,52.546,6.467
52059,51.394,5.481
64117,51.952,4.553
54018,51.484,5.742
84086,52.87,6.844
71559,52.294,5.481
63338,51.916,4.582
51274,51.358,5.336
62616,51.88,6.264
75049,52.456,4.901
71965,52.312,5.945
86394,52.978,5.916
66864,52.078,5.046
54354,51.502,4.176
74265,52.42,4.785
76275,52.51,6.525
69611,52.204,5.539
77047,52.546,6.293
67290,52.096,6.09
68407,52.15,4.553
65754,52.024,6.786
43491,50.998,5.829
53945,51.484,3.625
46620,51.142,6.09
71950,52.312,5.51
62944,51.898,4.466
68013,52.132,4.437
87976,53.05,6.554
60636,51.79,5.394
65345,52.006,6.235
76224,52.51,5.046
59466,51.736,5.394
52395,51.412,3.915
62164,51.862,4.466
55950,51.574,5.22
89916,53.14,6.264
79790,52.672,6.67
71931,52.312,4.959
84862,52.906,6.728
79731,52.672,4.959
57134,51.628,5.626
86797,52.996,6.293
68828,52.168,5.452
79780,52.672,6.38
87162,53.014,5.568
62964,51.898,5.046
53968,51.484,4.292
59461,51.736,5.249
65747,52.024,6.583
80522,52.708,5.2780000000000005
84045,52.87,5.655
40367,50.854,5.713
68022,52.132,4.698
65682,52.024,4.698
59075,51.718,5.365
54357,51.502,4.263
63400,51.916,6.38
90714,53.176,6.786
63015,51.898,6.525
68083,52.132,6.467
73876,52.402,4.814
64151,51.952,5.539
92633,53.266,5.8870000000000005
91875,53.23,6.525
60984,51.808,4.176
67623,52.114,4.437
62551,51.88,4.379
61821,51.844,5.829
48176,51.214,5.974
71161,52.276,5.249
67647,52.114,5.133
50122,51.304,5.858
61776,51.844,4.524
87987,53.05,6.873
60221,51.772,4.6690000000000005
55519,51.556,4.031
67257,52.096,5.133
94205,53.338,6.235
60250,51.772,5.51
73097,52.366,4.843
76605,52.528,4.785
60200,51.772,4.06
75044,52.456,4.756
64171,51.952,6.119
71928,52.312,4.872
68814,52.168,5.046
53163,51.448,3.567
81714,52.762,5.916
62988,51.898,5.742
57133,51.628,5.5969999999999995
48947,51.25,5.713
70436,52.24,6.844
73111,52.366,5.249
41544,50.908,5.916
68034,52.132,5.046
59442,51.736,4.698
72321,52.33,4.959
56705,51.61,4.495
73489,52.384,4.901
64892,51.988,4.408
90324,53.158,6.786
55143,51.538,4.437
63720,51.934,4.35
54008,51.484,5.452
89520,53.122,6.09
85602,52.942,5.568
61029,51.808,5.481
72711,52.348,4.959
80518,52.708,5.162
69573,52.204,4.437
68466,52.15,6.264
60248,51.772,5.452
53222,51.448,5.2780000000000005
87179,53.014,6.061
87524,53.032,4.756
63710,51.934,4.06
63761,51.934,5.539
74717,52.438,6.583
87177,53.014,6.003
86393,52.978,5.8870000000000005
77835,52.582,6.525
72309,52.33,4.611
52815,51.43,4.785
55955,51.574,5.365
87196,53.014,6.554
71146,52.276,4.814
40378,50.854,6.032
53600,51.466,4.93
72734,52.348,5.626
39979,50.836,5.771
55947,51.574,5.133
69216,52.186,5.394
73490,52.384,4.93
72389,52.33,6.931
59409,51.736,3.741
74259,52.42,4.611
59875,51.754,5.945
75834,52.492,5.046
72361,52.33,6.119
82892,52.816,6.148
72708,52.348,4.872
69969,52.222,4.611
53227,51.448,5.423
64170,51.952,6.09
61388,51.826,4.582
60262,51.772,5.858
92650,53.266,6.38
64942,51.988,5.858
86789,52.996,6.061
71924,52.312,4.756
79334,52.654,4.756
70026,52.222,6.264
67273,52.096,5.5969999999999995
57854,51.664,3.886
74659,52.438,4.901
61783,51.844,4.727
43101,50.98,5.829
56722,51.61,4.9879999999999995
90687,53.176,6.003
91464,53.212,5.916
88738,53.086,6.032
64194,51.952,6.786
41159,50.89,6.061
89897,53.14,5.713
66056,52.042,4.234
92239,53.248,5.771
91876,53.23,6.554
83280,52.834,6.09
62192,51.862,5.2780000000000005
64887,51.988,4.263
83232,52.834,4.698
62950,51.898,4.64
56333,51.592,5.017
69582,52.204,4.698
90323,53.158,6.757
73519,52.384,5.771
69983,52.222,5.017
53240,51.448,5.8
71526,52.294,4.524
94972,53.374,5.858
55164,51.538,5.046
68076,52.132,6.264
85603,52.942,5.5969999999999995
75494,52.474,6.496
73530,52.384,6.09
64118,51.952,4.582
62180,51.862,4.93
80114,52.69,4.756
80119,52.69,4.901
84466,52.888,6.554
88694,53.086,4.756
68031,52.132,4.959
67645,52.114,5.075
79347,52.654,5.133
72366,52.33,6.264
73875,52.402,4.785
79337,52.654,4.843
86430,52.978,6.96
63406,51.916,6.554
64527,51.97,5.133
53228,51.448,5.452
70046,52.222,6.844
48105,51.214,3.915
66839,52.078,4.321
61841,51.844,6.409
70435,52.24,6.815
46228,51.124,6.032
48491,51.232,3.799
80891,52.726,4.6690000000000005
64120,51.952,4.64
54727,51.52,3.683
68406,52.15,4.524
77035,52.546,5.945
58688,51.7,5.452
71552,52.294,5.2780000000000005
52836,51.43,5.394
50125,51.304,5.945
68791,52.168,4.379
68843,52.168,5.8870000000000005
71963,52.312,5.8870000000000005
74719,52.438,6.641
93031,53.284,6.119
68056,52.132,5.684
63011,51.898,6.409
79335,52.654,4.785
61417,51.826,5.423
66093,52.042,5.307
52445,51.412,5.365
81726,52.762,6.264
73518,52.384,5.742
65336,52.006,5.974
56370,51.592,6.09
55931,51.574,4.6690000000000005
60647,51.79,5.713
69217,52.186,5.423
74269,52.42,4.901
61780,51.844,4.64
91475,53.212,6.235
75457,52.474,5.423
69269,52.186,6.931
71193,52.276,6.177
65694,52.024,5.046
60615,51.79,4.785
64107,51.952,4.263
76255,52.51,5.945
41156,50.89,5.974
54021,51.484,5.829
49669,51.286,4.031
48946,51.25,5.684
83632,52.852,4.9879999999999995
73877,52.402,4.843
66866,52.078,5.104
53249,51.448,6.061
67261,52.096,5.249
56368,51.592,6.032
66064,52.042,4.466
65276,52.006,4.234
71530,52.294,4.64
71934,52.312,5.046
49651,51.286,3.509
64513,51.97,4.727
71590,52.294,6.38
67650,52.114,5.22
83657,52.852,5.713
72709,52.348,4.901
55970,51.574,5.8
51691,51.376,6.119
72312,52.33,4.698
43882,51.016,5.858
70389,52.24,5.481
90684,53.176,5.916
70016,52.222,5.974
64899,51.988,4.611
72317,52.33,4.843
66482,52.06,5.2780000000000005
69188,52.186,4.582
90698,53.176,6.322
64891,51.988,4.379
91859,53.23,6.061
87939,53.05,5.481
57866,51.664,4.234
51677,51.376,5.713
53579,51.466,4.321
41930,50.926,5.8
73160,52.366,6.67
51693,51.376,6.177
62969,51.898,5.191
82498,52.798,6.032
42716,50.962,5.974
80180,52.69,6.67
61792,51.844,4.9879999999999995
54337,51.502,3.683
73527,52.384,6.003
71611,52.294,6.989
85604,52.942,5.626
75430,52.474,4.64
79729,52.672,4.901
56726,51.61,5.104
75884,52.492,6.496
79771,52.672,6.119
94980,53.374,6.09
65666,52.024,4.234
64499,51.97,4.321
77769,52.582,4.611
89927,53.14,6.583
83689,52.852,6.641
66057,52.042,4.263
75889,52.492,6.641
76222,52.51,4.9879999999999995
53618,51.466,5.452
87573,53.032,6.177
67669,52.114,5.771
80953,52.726,6.467
62978,51.898,5.452
86828,52.996,7.192
64910,51.988,4.93
40761,50.872,5.829
53174,51.448,3.886
62973,51.898,5.307
91098,53.194,6.612
91106,53.194,6.844
69998,52.222,5.452
71927,52.312,4.843
66449,52.06,4.321
62173,51.862,4.727
63334,51.916,4.466
76213,52.51,4.727
78955,52.636,5.075
78944,52.636,4.756
53172,51.448,3.8280000000000003
67299,52.096,6.351
50832,51.34,3.8280000000000003
69218,52.186,5.452
66114,52.042,5.916
86400,52.978,6.09
63775,51.934,5.945
54330,51.502,3.48
55192,51.538,5.858
76603,52.528,4.727
71538,52.294,4.872
53590,51.466,4.64
73870,52.402,4.64
52022,51.394,4.408
80578,52.708,6.902
73881,52.402,4.959
52462,51.412,5.858
52832,51.43,5.2780000000000005
94220,53.338,6.67
64509,51.97,4.611
64490,51.97,4.06
80162,52.69,6.148
91079,53.194,6.061
94211,53.338,6.409
76221,52.51,4.959
64534,51.97,5.336
52797,51.43,4.263
77778,52.582,4.872
69595,52.204,5.075
65715,52.024,5.655
87954,53.05,5.916
53983,51.484,4.727
67274,52.096,5.626
40766,50.872,5.974
66846,52.078,4.524
50521,51.322,6.119
54344,51.502,3.886
54334,51.502,3.596
72356,52.33,5.974
75832,52.492,4.9879999999999995
70370,52.24,4.93
91874,53.23,6.496
64517,51.97,4.843
61822,51.844,5.858
84795,52.906,4.785
59093,51.718,5.8870000000000005
40768,50.872,6.032
92270,53.248,6.67
49280,51.268,4.06
86775,52.996,5.655
68444,52.15,5.626
95380,53.392,6.38
52058,51.394,5.452
69267,52.186,6.873
92267,53.248,6.583
68411,52.15,4.6690000000000005
71918,52.312,4.582
73513,52.384,5.5969999999999995
66466,52.06,4.814
71604,52.294,6.786
70379,52.24,5.191
87554,53.032,5.626
49660,51.286,3.77
91102,53.194,6.728
86432,52.978,7.018
66475,52.06,5.075
71542,52.294,4.9879999999999995
61772,51.844,4.408
57469,51.646,4.031
66838,52.078,4.292
63793,51.934,6.467
70374,52.24,5.046
52411,51.412,4.379
92674,53.266,7.076
94215,53.338,6.525
73543,52.384,6.467
68819,52.168,5.191
62602,51.88,5.858
80169,52.69,6.351
73479,52.384,4.611
55966,51.574,5.684
88350,53.068,6.09
80890,52.726,4.64
91097,53.194,6.583
74714,52.438,6.496
71213,52.276,6.757
65683,52.024,4.727
90278,53.158,5.452
84448,52.888,6.032
43880,51.016,5.8
64535,51.97,5.365
80124,52.69,5.046
94229,53.338,6.931
55558,51.556,5.162
70751,52.258,4.6690000000000005
64564,51.97,6.206
82138,52.78,6.902
82065,52.78,4.785
65670,52.024,4.35
61431,51.826,5.829
84414,52.888,5.046
80163,52.69,6.177
97719,53.5,6.351
96173,53.428,6.757
77025,52.546,5.655
91064,53.194,5.626
82901,52.816,6.409
60612,51.79,4.698
66452,52.06,4.408
54753,51.52,4.437
91465,53.212,5.945
71145,52.276,4.785
59465,51.736,5.365
73096,52.366,4.814
64116,51.952,4.524
68404,52.15,4.466
83261,52.834,5.539
69237,52.186,6.003
69608,52.204,5.452
85574,52.942,4.756
65294,52.006,4.756
54800,51.52,5.8
45056,51.07,5.974
76223,52.51,5.017
58677,51.7,5.133
55125,51.538,3.915
63774,51.934,5.916
70427,52.24,6.583
64937,51.988,5.713
66085,52.042,5.075
87601,53.032,6.989
63749,51.934,5.191
68040,52.132,5.22
78223,52.6,6.467
64964,51.988,6.496
71551,52.294,5.249
84072,52.87,6.438
55540,51.556,4.64
89545,53.122,6.815
67268,52.096,5.452
61033,51.808,5.5969999999999995
66492,52.06,5.568
93438,53.302,6.612
60230,51.772,4.93
52080,51.394,6.09
54751,51.52,4.379
54738,51.52,4.002
55576,51.556,5.684
55149,51.538,4.611
71999,52.312,6.931
57091,51.628,4.379
63728,51.934,4.582
87171,53.014,5.829
72773,52.348,6.757
56355,51.592,5.655
57514,51.646,5.336
56332,51.592,4.9879999999999995
56721,51.61,4.959
52846,51.43,5.684
54359,51.502,4.321
66516,52.06,6.264
58285,51.682,5.075
64157,51.952,5.713
67651,52.114,5.249
48569,51.232,6.061
79371,52.654,5.829
71605,52.294,6.815
52468,51.412,6.032
85218,52.924,5.742
89138,53.104,6.322
50911,51.34,6.119
61770,51.844,4.35
79759,52.672,5.771
75857,52.492,5.713
57114,51.628,5.046
58315,51.682,5.945
64489,51.97,4.031
67234,52.096,4.466
64177,51.952,6.293
66837,52.078,4.263
75849,52.492,5.481
48175,51.214,5.945
60992,51.808,4.408
86821,52.996,6.989
68033,52.132,5.017
68794,52.168,4.466
53941,51.484,3.509
66448,52.06,4.292
68795,52.168,4.495
60251,51.772,5.539
61401,51.826,4.959
64543,51.97,5.5969999999999995
42319,50.944,5.771
63000,51.898,6.09
58663,51.7,4.727
63332,51.916,4.408
86438,52.978,7.192
70749,52.258,4.611
73125,52.366,5.655
78943,52.636,4.727
67632,52.114,4.698
52839,51.43,5.481
68825,52.168,5.365
70402,52.24,5.858
75831,52.492,4.959
54734,51.52,3.886
61818,51.844,5.742
64144,51.952,5.336
72323,52.33,5.017
69987,52.222,5.133
64109,51.952,4.321
94218,53.338,6.612
71144,52.276,4.756
59874,51.754,5.916
53608,51.466,5.162
55588,51.556,6.032
60608,51.79,4.582
56371,51.592,6.119
87170,53.014,5.8
52451,51.412,5.539
68424,52.15,5.046
93812,53.32,6.148
53997,51.484,5.133
65274,52.006,4.176
84436,52.888,5.684
80516,52.708,5.104
56341,51.592,5.249
73089,52.366,4.611
89912,53.14,6.148
69581,52.204,4.6690000000000005
69989,52.222,5.191
77032,52.546,5.858
57142,51.628,5.858
63323,51.916,4.147
65724,52.024,5.916
67702,52.114,6.728
54014,51.484,5.626
71179,52.276,5.771
62161,51.862,4.379
70356,52.24,4.524
55915,51.574,4.205
67227,52.096,4.263
50127,51.304,6.003
63390,51.916,6.09
54806,51.52,5.974
51272,51.358,5.2780000000000005
94952,53.374,5.2780000000000005
63006,51.898,6.264
80117,52.69,4.843
61001,51.808,4.6690000000000005
73153,52.366,6.467
76266,52.51,6.264
70757,52.258,4.843
66863,52.078,5.017
65365,52.006,6.815
63755,51.934,5.365
89914,53.14,6.206
81319,52.744,5.771
91885,53.23,6.815
54399,51.502,5.481
75073,52.456,5.5969999999999995
90667,53.176,5.423
57077,51.628,3.973
51303,51.358,6.177
75500,52.474,6.67
70008,52.222,5.742
82136,52.78,6.844
55161,51.538,4.959
57923,51.664,5.8870000000000005
55979,51.574,6.061
56292,51.592,3.8280000000000003
80182,52.69,6.728
72746,52.348,5.974
85598,52.942,5.452
64938,51.988,5.742
80510,52.708,4.93
66094,52.042,5.336
64541,51.97,5.539
62553,51.88,4.437
59820,51.754,4.35
87206,53.014,6.844
64882,51.988,4.118
69182,52.186,4.408
87956,53.05,5.974
71568,52.294,5.742
54033,51.484,6.177
90681,53.176,5.829
63377,51.916,5.713
55154,51.538,4.756
79006,52.636,6.554
86807,52.996,6.583
78941,52.636,4.6690000000000005
55573,51.556,5.5969999999999995
60625,51.79,5.075
75825,52.492,4.785
47397,51.178,6.003
69982,52.222,4.9879999999999995
76628,52.528,5.452
63722,51.934,4.408
80571,52.708,6.699
53973,51.484,4.437
82523,52.798,6.757
64970,51.988,6.67
79345,52.654,5.075
55556,51.556,5.104
59470,51.736,5.51
74658,52.438,4.872
74651,52.438,4.6690000000000005
73501,52.384,5.249
57086,51.628,4.234
87990,53.05,6.96
70371,52.24,4.959
65282,52.006,4.408
91080,53.194,6.09
55894,51.574,3.596
70394,52.24,5.626
67678,52.114,6.032
71192,52.276,6.148
41929,50.926,5.771
84874,52.906,7.076
89944,53.14,7.076
69650,52.204,6.67
73525,52.384,5.945
89161,53.104,6.989
73892,52.402,5.2780000000000005
55583,51.556,5.8870000000000005
70018,52.222,6.032
71147,52.276,4.843
75436,52.474,4.814
90304,53.158,6.206
89529,53.122,6.351
66453,52.06,4.437
94191,53.338,5.829
82068,52.78,4.872
54402,51.502,5.568
89137,53.104,6.293
84829,52.906,5.771
68084,52.132,6.496
65279,52.006,4.321
50501,51.322,5.539
63379,51.916,5.771
79727,52.672,4.843
39977,50.836,5.713
63366,51.916,5.394
65275,52.006,4.205
89130,53.104,6.09
63729,51.934,4.611
63735,51.934,4.785
75442,52.474,4.9879999999999995
66455,52.06,4.495
59413,51.736,3.857
56716,51.61,4.814
65688,52.024,4.872
64140,51.952,5.22
70353,52.24,4.437
41147,50.89,5.713
56729,51.61,5.191
91857,53.23,6.003
55554,51.556,5.046
96177,53.428,6.873
67646,52.114,5.104
70756,52.258,4.814
51601,51.376,3.509
75873,52.492,6.177
58629,51.7,3.741
87191,53.014,6.409
58278,51.682,4.872
57499,51.646,4.901
48173,51.214,5.8870000000000005
69646,52.204,6.554
51299,51.358,6.061
77437,52.564,6.293
66456,52.06,4.524
68423,52.15,5.017
66105,52.042,5.655
65281,52.006,4.379
69603,52.204,5.307
55926,51.574,4.524
84060,52.87,6.09
91070,53.194,5.8
64507,51.97,4.553
61415,51.826,5.365
72318,52.33,4.872
65335,52.006,5.945
74283,52.42,5.307
44270,51.034,5.8
59486,51.736,5.974
41938,50.926,6.032
53621,51.466,5.539
79381,52.654,6.119
56736,51.61,5.394
72699,52.348,4.611
60209,51.772,4.321
53557,51.466,3.683
60253,51.772,5.5969999999999995
83636,52.852,5.104
81301,52.744,5.249
64968,51.988,6.612
72783,52.348,7.047
58277,51.682,4.843
62172,51.862,4.698
87165,53.014,5.655
58296,51.682,5.394
57083,51.628,4.147
70367,52.24,4.843
65698,52.024,5.162
86798,52.996,6.322
80520,52.708,5.22
63721,51.934,4.379
61040,51.808,5.8
64555,51.97,5.945
70432,52.24,6.728
61395,51.826,4.785
71566,52.294,5.684
65338,52.006,6.032
69239,52.186,6.061
66073,52.042,4.727
91095,53.194,6.525
76640,52.528,5.8
84794,52.906,4.756
67254,52.096,5.046
86815,52.996,6.815
79380,52.654,6.09
65723,52.024,5.8870000000000005
42711,50.962,5.829
61397,51.826,4.843
68855,52.168,6.235
61028,51.808,5.452
55155,51.538,4.785
81708,52.762,5.742
93839,53.32,6.931
68435,52.15,5.365
56348,51.592,5.452
61430,51.826,5.8
41932,50.926,5.858
88730,53.086,5.8
54335,51.502,3.625
70021,52.222,6.119
61432,51.826,5.858
69268,52.186,6.902
72383,52.33,6.757
81296,52.744,5.104
58286,51.682,5.104
40763,50.872,5.8870000000000005
55137,51.538,4.263
87214,53.014,7.076
85223,52.924,5.8870000000000005
70769,52.258,5.191
70803,52.258,6.177
56714,51.61,4.756
88731,53.086,5.829
65686,52.024,4.814
64582,51.97,6.728
68085,52.132,6.525
49724,51.286,5.626
56322,51.592,4.698
75459,52.474,5.481
52783,51.43,3.857
70824,52.258,6.786
60603,51.79,4.437
64911,51.988,4.959
64106,51.952,4.234
74333,52.42,6.757
62216,51.862,5.974
69658,52.204,6.902
66870,52.078,5.22
90325,53.158,6.815
75091,52.456,6.119
58684,51.7,5.336
46617,51.142,6.003
61373,51.826,4.147
70755,52.258,4.785
50120,51.304,5.8
67619,52.114,4.321
70767,52.258,5.133
63372,51.916,5.568
77046,52.546,6.264
53638,51.466,6.032
52072,51.394,5.858
75043,52.456,4.727
67618,52.114,4.292
73486,52.384,4.814
66065,52.042,4.495
60610,51.79,4.64
80545,52.708,5.945
73502,52.384,5.2780000000000005
61429,51.826,5.771
70430,52.24,6.67
64127,51.952,4.843
53179,51.448,4.031
88770,53.086,6.96
55136,51.538,4.234
91099,53.194,6.641
57121,51.628,5.249
68859,52.168,6.351
85207,52.924,5.423
75087,52.456,6.003
79766,52.672,5.974
73491,52.384,4.959
82891,52.816,6.119
60641,51.79,5.539
59073,51.718,5.307
94580,53.356,5.8
90729,53.176,7.221
48869,51.25,3.451
73880,52.402,4.93
89524,53.122,6.206
56754,51.61,5.916
69966,52.222,4.524
88746,53.086,6.264
47402,51.178,6.148
73536,52.384,6.264
62219,51.862,6.061
89517,53.122,6.003
92622,53.266,5.568
91060,53.194,5.51
84065,52.87,6.235
82492,52.798,5.858
62970,51.898,5.22
81285,52.744,4.785
48177,51.214,6.003
70763,52.258,5.017
59475,51.736,5.655
52394,51.412,3.886
73520,52.384,5.8
63715,51.934,4.205
74701,52.438,6.119
51295,51.358,5.945
62946,51.898,4.524
68829,52.168,5.481
78948,52.636,4.872
62967,51.898,5.133
86377,52.978,5.423
59830,51.754,4.64
43102,50.98,5.858
84835,52.906,5.945
42326,50.944,5.974
85239,52.924,6.351
68463,52.15,6.177
90673,53.176,5.5969999999999995
79364,52.654,5.626
96565,53.446,6.815
76991,52.546,4.6690000000000005
65286,52.006,4.524
66913,52.078,6.467
85219,52.924,5.771
93837,53.32,6.873
77002,52.546,4.9879999999999995
75443,52.474,5.017
60219,51.772,4.611
53971,51.484,4.379
64100,51.952,4.06
62157,51.862,4.263
62211,51.862,5.829
59840,51.754,4.93
49258,51.268,3.422
41549,50.908,6.061
94581,53.356,5.829
66055,52.042,4.205
64884,51.988,4.176
73129,52.366,5.771
59033,51.718,4.147
78587,52.618,5.713
52857,51.43,6.003
85625,52.942,6.235
66841,52.078,4.379
56324,51.592,4.756
94994,53.374,6.496
59813,51.754,4.147
90712,53.176,6.728
71153,52.276,5.017
68035,52.132,5.075
59482,51.736,5.858
56717,51.61,4.843
59069,51.718,5.191
57132,51.628,5.568
77830,52.582,6.38
63769,51.934,5.771
50833,51.34,3.857
86013,52.96,6.177
89887,53.14,5.423
95775,53.41,6.525
56698,51.61,4.292
64959,51.988,6.351
76259,52.51,6.061
55904,51.574,3.886
80505,52.708,4.785
59411,51.736,3.799
68824,52.168,5.336
70747,52.258,4.553
70049,52.222,6.931
53178,51.448,4.002
61390,51.826,4.64
54754,51.52,4.466
86415,52.978,6.525
91484,53.212,6.496
84067,52.87,6.293
80116,52.69,4.814
72706,52.348,4.814
69234,52.186,5.916
64505,51.97,4.495
74679,52.438,5.481
52458,51.412,5.742
59066,51.718,5.104
52082,51.394,6.148
67309,52.096,6.641
80926,52.726,5.684
63745,51.934,5.075
69655,52.204,6.815
61393,51.826,4.727
85617,52.942,6.003
82919,52.816,6.931
84470,52.888,6.67
73898,52.402,5.452
81744,52.762,6.786
73136,52.366,5.974
71539,52.294,4.901
76215,52.51,4.785
55942,51.574,4.9879999999999995
85657,52.942,7.163
84869,52.906,6.931
45832,51.106,5.858
80945,52.726,6.235
81345,52.744,6.525
67699,52.114,6.641
40366,50.854,5.684
62156,51.862,4.234
71534,52.294,4.756
93455,53.302,7.105
71932,52.312,4.9879999999999995
68833,52.168,5.5969999999999995
53642,51.466,6.148
76279,52.51,6.641
68849,52.168,6.061
89943,53.14,7.047
53616,51.466,5.394
90327,53.158,6.873
51632,51.376,4.408
62552,51.88,4.408
51606,51.376,3.654
70364,52.24,4.756
71545,52.294,5.075
49664,51.286,3.886
84863,52.906,6.757
92657,53.266,6.583
92266,53.248,6.554
75871,52.492,6.119
54756,51.52,4.524
43103,50.98,5.8870000000000005
42709,50.962,5.771
63322,51.916,4.118
67256,52.096,5.104
77039,52.546,6.061
66447,52.06,4.263
96525,53.446,5.655
65732,52.024,6.148
66454,52.06,4.466
55978,51.574,6.032
73500,52.384,5.22
59072,51.718,5.2780000000000005
52778,51.43,3.7119999999999997
73142,52.366,6.148
72705,52.348,4.785
91110,53.194,6.96
55567,51.556,5.423
66061,52.042,4.379
90724,53.176,7.076
71981,52.312,6.409
64974,51.988,6.786
59474,51.736,5.626
58678,51.7,5.162
72386,52.33,6.844
64176,51.952,6.264
84408,52.888,4.872
66865,52.078,5.075
92261,53.248,6.409
57126,51.628,5.394
84796,52.906,4.814
77772,52.582,4.698
82497,52.798,6.003
71594,52.294,6.496
54773,51.52,5.017
47390,51.178,5.8
71533,52.294,4.727
79344,52.654,5.046
67228,52.096,4.292
54407,51.502,5.713
73480,52.384,4.64
66058,52.042,4.292
57914,51.664,5.626
51279,51.358,5.481
61399,51.826,4.901
62609,51.88,6.061
66474,52.06,5.046
40767,50.872,6.003
52019,51.394,4.321
70802,52.258,6.148
84026,52.87,5.104
48882,51.25,3.8280000000000003
53625,51.466,5.655
94221,53.338,6.699
55185,51.538,5.655
67637,52.114,4.843
40757,50.872,5.713
63331,51.916,4.379
68074,52.132,6.206
52841,51.43,5.539
47396,51.178,5.974
52446,51.412,5.394
64967,51.988,6.583
54787,51.52,5.423
69965,52.222,4.495
73487,52.384,4.843
79392,52.654,6.438
57909,51.664,5.481
56325,51.592,4.785
53624,51.466,5.626
73884,52.402,5.046
47003,51.16,5.8870000000000005
50129,51.304,6.061
68850,52.168,6.09
73912,52.402,5.858
84852,52.906,6.438
74268,52.42,4.872
79721,52.672,4.6690000000000005
63713,51.934,4.147
80186,52.69,6.844
52450,51.412,5.51
69212,52.186,5.2780000000000005
68436,52.15,5.394
75081,52.456,5.829
52467,51.412,6.003
50904,51.34,5.916
60611,51.79,4.6690000000000005
55945,51.574,5.075
84868,52.906,6.902
59050,51.718,4.64
63392,51.916,6.148
57094,51.628,4.466
67631,52.114,4.6690000000000005
74335,52.42,6.815
59464,51.736,5.336
96166,53.428,6.554
93015,53.284,5.655
72372,52.33,6.438
57903,51.664,5.307
73137,52.366,6.003
52013,51.394,4.147
46613,51.142,5.8870000000000005
61026,51.808,5.394
84793,52.906,4.727
75039,52.456,4.611
75822,52.492,4.698
64493,51.97,4.147
48942,51.25,5.568
84465,52.888,6.525
70047,52.222,6.873
66089,52.042,5.191
74706,52.438,6.264
67252,52.096,4.9879999999999995
85216,52.924,5.684
87546,53.032,5.394
61769,51.844,4.321
88374,53.068,6.786
58645,51.7,4.205
71926,52.312,4.814
75101,52.456,6.409
54774,51.52,5.046
74282,52.42,5.2780000000000005
88304,53.068,4.756
56741,51.61,5.539
60199,51.772,4.031
92628,53.266,5.742
57067,51.628,3.683
83306,52.834,6.844
67270,52.096,5.51
84848,52.906,6.322
68045,52.132,5.365
55977,51.574,6.003
64926,51.988,5.394
61032,51.808,5.568
77413,52.564,5.5969999999999995
54767,51.52,4.843
92269,53.248,6.641
66460,52.06,4.64
59864,51.754,5.626
52056,51.394,5.394
56334,51.592,5.046
68401,52.15,4.379
63393,51.916,6.177
60628,51.79,5.162
71535,52.294,4.785
48174,51.214,5.916
66867,52.078,5.133
82485,52.798,5.655
79754,52.672,5.626
70385,52.24,5.365
58284,51.682,5.046
61403,51.826,5.017
50827,51.34,3.683
68485,52.15,6.815
54379,51.502,4.901
90296,53.158,5.974
62947,51.898,4.553
67696,52.114,6.554
48953,51.25,5.8870000000000005
55551,51.556,4.959
91886,53.23,6.844
39978,50.836,5.742
91449,53.212,5.481
71985,52.312,6.525
84482,52.888,7.018
66469,52.06,4.901
68051,52.132,5.539
72769,52.348,6.641
55159,51.538,4.901
46222,51.124,5.858
62591,51.88,5.539
73879,52.402,4.901
57925,51.664,5.945
73098,52.366,4.872
66446,52.06,4.234
84485,52.888,7.105
73492,52.384,4.9879999999999995
82063,52.78,4.727
91062,53.194,5.568
67622,52.114,4.408
84801,52.906,4.959
46227,51.124,6.003
89930,53.14,6.67
73108,52.366,5.162
58686,51.7,5.394
64944,51.988,5.916
72381,52.33,6.699
97326,53.482,6.264
49740,51.286,6.09
93054,53.284,6.786
65322,52.006,5.568
78203,52.6,5.8870000000000005
69963,52.222,4.437
75465,52.474,5.655
85615,52.942,5.945
65303,52.006,5.017
72774,52.348,6.786
79785,52.672,6.525
76612,52.528,4.9879999999999995
79346,52.654,5.104
66069,52.042,4.611
54358,51.502,4.292
69184,52.186,4.466
39987,50.836,6.003
63326,51.916,4.234
64165,51.952,5.945
64958,51.988,6.322
73507,52.384,5.423
64901,51.988,4.6690000000000005
59453,51.736,5.017
52052,51.394,5.2780000000000005
70825,52.258,6.815
73086,52.366,4.524
71541,52.294,4.959
84090,52.87,6.96
68087,52.132,6.583
66901,52.078,6.119
43492,50.998,5.858
64557,51.97,6.003
65278,52.006,4.292
71154,52.276,5.046
76650,52.528,6.09
74319,52.42,6.351
72340,52.33,5.51
60256,51.772,5.684
89551,53.122,6.989
50903,51.34,5.8870000000000005
90305,53.158,6.235
63779,51.934,6.061
53599,51.466,4.901
67248,52.096,4.872
61014,51.808,5.046
62587,51.88,5.423
62620,51.88,6.38
71174,52.276,5.626
74286,52.42,5.394
65668,52.024,4.292
54374,51.502,4.756
57076,51.628,3.944
73150,52.366,6.38
68430,52.15,5.22
53641,51.466,6.119
61011,51.808,4.959
67231,52.096,4.379
79755,52.672,5.655
69225,52.186,5.655
49327,51.268,5.423
91118,53.194,7.192
70811,52.258,6.409
80547,52.708,6.003
86021,52.96,6.409
59462,51.736,5.2780000000000005
58668,51.7,4.872
71185,52.276,5.945
65353,52.006,6.467
82103,52.78,5.8870000000000005
63794,51.934,6.496
59872,51.754,5.858
77840,52.582,6.67
61757,51.844,3.973
65713,52.024,5.5969999999999995
53230,51.448,5.51
71564,52.294,5.626
70398,52.24,5.742
56326,51.592,4.814
84079,52.87,6.641
58700,51.7,5.8
53231,51.448,5.539
43099,50.98,5.771
71148,52.276,4.872
59814,51.754,4.176
64924,51.988,5.336
70753,52.258,4.727
67620,52.114,4.35
94582,53.356,5.858
55130,51.538,4.06
73503,52.384,5.307
65304,52.006,5.046
74310,52.42,6.09
94996,53.374,6.554
54747,51.52,4.263
74694,52.438,5.916
52447,51.412,5.423
52837,51.43,5.423
86809,52.996,6.641
57512,51.646,5.2780000000000005
63320,51.916,4.06
59445,51.736,4.785
64101,51.952,4.089
51625,51.376,4.205
79388,52.654,6.322
59841,51.754,4.959
85643,52.942,6.757
72379,52.33,6.641
63358,51.916,5.162
73090,52.366,4.64
95736,53.41,5.394
72720,52.348,5.22
69590,52.204,4.93
75070,52.456,5.51
50902,51.34,5.858
69624,52.204,5.916
91487,53.212,6.583
56713,51.61,4.727
73488,52.384,4.872
57915,51.664,5.655
68815,52.168,5.075
53237,51.448,5.713
76238,52.51,5.452
63741,51.934,4.959
72745,52.348,5.945
79336,52.654,4.814
89553,53.122,7.047
59852,51.754,5.2780000000000005
65280,52.006,4.35
55581,51.556,5.829
95369,53.392,6.061
89550,53.122,6.96
68405,52.15,4.495
71563,52.294,5.5969999999999995
52852,51.43,5.858
54735,51.52,3.915
80950,52.726,6.38
78171,52.6,4.959
73905,52.402,5.655
48167,51.214,5.713
62556,51.88,4.524
61379,51.826,4.321
64119,51.952,4.611
62572,51.88,4.9879999999999995
68052,52.132,5.568
89128,53.104,6.032
67621,52.114,4.379
95344,53.392,5.336
83235,52.834,4.785
58304,51.682,5.626
89926,53.14,6.554
54026,51.484,5.974
64561,51.97,6.119
85611,52.942,5.829
84483,52.888,7.047
65292,52.006,4.698
56690,51.61,4.06
93027,53.284,6.003
54786,51.52,5.394
84064,52.87,6.206
89164,53.104,7.076
67253,52.096,5.017
56711,51.61,4.6690000000000005
65277,52.006,4.263
55535,51.556,4.495
64168,51.952,6.032
51661,51.376,5.249
54811,51.52,6.119
91900,53.23,7.25
62932,51.898,4.118
67680,52.114,6.09
66098,52.042,5.452
53628,51.466,5.742
58690,51.7,5.51
72370,52.33,6.38
50912,51.34,6.148
78161,52.6,4.6690000000000005
66502,52.06,5.858
50840,51.34,4.06
93836,53.32,6.844
60220,51.772,4.64
55184,51.538,5.626
54368,51.502,4.582
53589,51.466,4.611
51229,51.358,4.031
68017,52.132,4.553
96174,53.428,6.786
80173,52.69,6.467
71527,52.294,4.553
62580,51.88,5.22
68437,52.15,5.423
65731,52.024,6.119
54764,51.52,4.756
86385,52.978,5.655
66451,52.06,4.379
57535,51.646,5.945
65669,52.024,4.321
80962,52.726,6.728
75107,52.456,6.583
77029,52.546,5.771
65675,52.024,4.495
41935,50.926,5.945
55139,51.538,4.321
68810,52.168,4.93
58685,51.7,5.365
60242,51.772,5.2780000000000005
79410,52.654,6.96
91508,53.212,7.192
67255,52.096,5.075
69213,52.186,5.307
66464,52.06,4.756
82489,52.798,5.771
53253,51.448,6.177
63327,51.916,4.263
75440,52.474,4.93
64531,51.97,5.249
64945,51.988,5.945
66495,52.06,5.655
86790,52.996,6.09
91482,53.212,6.438
78598,52.618,6.032
82118,52.78,6.322
48559,51.232,5.771
87557,53.032,5.713
66529,52.06,6.641
71958,52.312,5.742
72710,52.348,4.93
71953,52.312,5.5969999999999995
71215,52.276,6.815
75441,52.474,4.959
48954,51.25,5.916
52831,51.43,5.249
74289,52.42,5.481
52007,51.394,3.973
91486,53.212,6.554
62212,51.862,5.858
63764,51.934,5.626
77425,52.564,5.945
72719,52.348,5.191
57122,51.628,5.2780000000000005
56702,51.61,4.408
53552,51.466,3.5380000000000003
76649,52.528,6.061
61387,51.826,4.553
42324,50.944,5.916
52472,51.412,6.148
92255,53.248,6.235
62206,51.862,5.684
77028,52.546,5.742
71576,52.294,5.974
64568,51.97,6.322
58283,51.682,5.017
68476,52.15,6.554
48958,51.25,6.032
92264,53.248,6.496
62171,51.862,4.6690000000000005
70815,52.258,6.525
70365,52.24,4.785
75853,52.492,5.5969999999999995
80143,52.69,5.5969999999999995
72707,52.348,4.843
54742,51.52,4.118
63708,51.934,4.002
89893,53.14,5.5969999999999995
59414,51.736,3.886
64501,51.97,4.379
66097,52.042,5.423
71204,52.276,6.496
90715,53.176,6.815
60236,51.772,5.104
54370,51.502,4.64
57887,51.664,4.843
86391,52.978,5.829
72322,52.33,4.9879999999999995
80506,52.708,4.814
84055,52.87,5.945
82524,52.798,6.786
89120,53.104,5.8
60991,51.808,4.379
66513,52.06,6.177
94187,53.338,5.713
90330,53.158,6.96
56305,51.592,4.205
54775,51.52,5.075
58681,51.7,5.249
82115,52.78,6.235
75095,52.456,6.235
68863,52.168,6.467
62221,51.862,6.119
69648,52.204,6.612
85213,52.924,5.5969999999999995
71947,52.312,5.423
76281,52.51,6.699
66530,52.06,6.67
74726,52.438,6.844
95007,53.374,6.873
53556,51.466,3.654
65285,52.006,4.495
79384,52.654,6.206
58268,51.682,4.582
75100,52.456,6.38
71531,52.294,4.6690000000000005
57468,51.646,4.002
64104,51.952,4.176
78224,52.6,6.496
39982,50.836,5.858
47787,51.196,6.003
58239,51.682,3.741
91488,53.212,6.612
64172,51.952,6.148
62573,51.88,5.017
74657,52.438,4.843
86379,52.978,5.481
64932,51.988,5.568
73511,52.384,5.539
39597,50.818,6.003
79009,52.636,6.641
53220,51.448,5.22
70413,52.24,6.177
72311,52.33,4.6690000000000005
51288,51.358,5.742
69614,52.204,5.626
69607,52.204,5.423
73107,52.366,5.133
79737,52.672,5.133
61404,51.826,5.046
80932,52.726,5.858
52400,51.412,4.06
50878,51.34,5.162
78553,52.618,4.727
73893,52.402,5.307
68069,52.132,6.061
55543,51.556,4.727
63333,51.916,4.437
52844,51.43,5.626
59071,51.718,5.249
70777,52.258,5.423
75432,52.474,4.698
96919,53.464,5.771
90284,53.158,5.626
72313,52.33,4.727
65697,52.024,5.133
71945,52.312,5.365
78557,52.618,4.843
54338,51.502,3.7119999999999997
65342,52.006,6.148
82102,52.78,5.858
70410,52.24,6.09
63374,51.916,5.626
43879,51.016,5.771
81338,52.744,6.322
68075,52.132,6.235
62547,51.88,4.263
90690,53.176,6.09
61039,51.808,5.771
85192,52.924,4.9879999999999995
57130,51.628,5.51
79726,52.672,4.814
67230,52.096,4.35
54793,51.52,5.5969999999999995
52453,51.412,5.5969999999999995
75042,52.456,4.698
66081,52.042,4.959
76652,52.528,6.148
55943,51.574,5.017
71172,52.276,5.568
54814,51.52,6.206
76210,52.51,4.64
51672,51.376,5.568
61372,51.826,4.118
87952,53.05,5.858
60640,51.79,5.51
76261,52.51,6.119
51267,51.358,5.133
87955,53.05,5.945
65354,52.006,6.496
63738,51.934,4.872
87210,53.014,6.96
69605,52.204,5.365
50132,51.304,6.148
61041,51.808,5.829
75072,52.456,5.568
93796,53.32,5.684
57892,51.664,4.9879999999999995
69653,52.204,6.757
92636,53.266,5.974
71158,52.276,5.162
63763,51.934,5.5969999999999995
54009,51.484,5.481
55569,51.556,5.481
59426,51.736,4.234
60654,51.79,5.916
82920,52.816,6.96
69610,52.204,5.51
74664,52.438,5.046
51630,51.376,4.35
67235,52.096,4.495
56317,51.592,4.553
82907,52.816,6.583
65363,52.006,6.757
69186,52.186,4.524
79764,52.672,5.916
66493,52.06,5.5969999999999995
78585,52.618,5.655
57920,51.664,5.8
56303,51.592,4.147
63337,51.916,4.553
76240,52.51,5.51
68091,52.132,6.699
58276,51.682,4.814
85609,52.942,5.771
85633,52.942,6.467
84844,52.906,6.206
94193,53.338,5.8870000000000005
77381,52.564,4.6690000000000005
51293,51.358,5.8870000000000005
88308,53.068,4.872
68827,52.168,5.423
67628,52.114,4.582
53627,51.466,5.713
80579,52.708,6.931
64558,51.97,6.032
77438,52.564,6.322
91878,53.23,6.612
58265,51.682,4.495
78988,52.636,6.032
70039,52.222,6.641
71933,52.312,5.017
64956,51.988,6.264
88740,53.086,6.09
55936,51.574,4.814
73517,52.384,5.713
78993,52.636,6.177
62949,51.898,4.611
83670,52.852,6.09
87951,53.05,5.829
93834,53.32,6.786
55165,51.538,5.075
57927,51.664,6.003
57111,51.628,4.959
55577,51.556,5.713
66104,52.042,5.626
71528,52.294,4.582
52796,51.43,4.234
86000,52.96,5.8
79730,52.672,4.93
67668,52.114,5.742
92246,53.248,5.974
72780,52.348,6.96
56319,51.592,4.611
85994,52.96,5.626
55961,51.574,5.539
40769,50.872,6.061
68441,52.15,5.539
74338,52.42,6.902
57147,51.628,6.003
83686,52.852,6.554
80544,52.708,5.916
68845,52.168,5.945
73931,52.402,6.409
66861,52.078,4.959
80576,52.708,6.844
64115,51.952,4.495
67295,52.096,6.235
80971,52.726,6.989
56695,51.61,4.205
73953,52.402,7.047
80948,52.726,6.322
53576,51.466,4.234
60225,51.772,4.785
55181,51.538,5.539
63747,51.934,5.133
75867,52.492,6.003
72380,52.33,6.67
63782,51.934,6.148
82129,52.78,6.641
93424,53.302,6.206
54421,51.502,6.119
73102,52.366,4.9879999999999995
73481,52.384,4.6690000000000005
51679,51.376,5.771
56712,51.61,4.698
83647,52.852,5.423
59451,51.736,4.959
81745,52.762,6.815
61778,51.844,4.582
72315,52.33,4.785
62568,51.88,4.872
58674,51.7,5.046
62558,51.88,4.582
72701,52.348,4.6690000000000005
84857,52.906,6.583
76659,52.528,6.351
78622,52.618,6.728
87969,53.05,6.351
73095,52.366,4.785
69606,52.204,5.394
53979,51.484,4.611
66510,52.06,6.09
84410,52.888,4.93
69200,52.186,4.93
93047,53.284,6.583
53974,51.484,4.466
65707,52.024,5.423
48959,51.25,6.061
75481,52.474,6.119
89088,53.104,4.872
83688,52.852,6.612
88347,53.068,6.003
79736,52.672,5.104
41928,50.926,5.742
74730,52.438,6.96
62561,51.88,4.6690000000000005
81291,52.744,4.959
61791,51.844,4.959
54005,51.484,5.365
68844,52.168,5.916
53236,51.448,5.684
70779,52.258,5.481
62218,51.862,6.032
62549,51.88,4.321
75824,52.492,4.756
87580,53.032,6.38
83266,52.834,5.684
72778,52.348,6.902
86793,52.996,6.177
57123,51.628,5.307
79333,52.654,4.727
47784,51.196,5.916
70366,52.24,4.814
95783,53.41,6.757
51275,51.358,5.365
81332,52.744,6.148
70786,52.258,5.684
54015,51.484,5.655
88330,53.068,5.51
81289,52.744,4.901
85622,52.942,6.148
68072,52.132,6.148
77420,52.564,5.8
70816,52.258,6.554
66445,52.06,4.205
70438,52.24,6.902
60195,51.772,3.915
64885,51.988,4.205
72392,52.33,7.018
91104,53.194,6.786
67682,52.114,6.148
61000,51.808,4.64
64135,51.952,5.075
49663,51.286,3.857
92629,53.266,5.771
63339,51.916,4.611
67229,52.096,4.321
57872,51.664,4.408
71182,52.276,5.858
61782,51.844,4.698
58292,51.682,5.2780000000000005
68060,52.132,5.8
40368,50.854,5.742
59048,51.718,4.582
63709,51.934,4.031
79725,52.672,4.785
62178,51.862,4.872
89941,53.14,6.989
52840,51.43,5.51
63727,51.934,4.553
67698,52.114,6.612
85229,52.924,6.061
67289,52.096,6.061
95376,53.392,6.264
61435,51.826,5.945
65699,52.024,5.191
87977,53.05,6.583
80906,52.726,5.104
91477,53.212,6.293
80569,52.708,6.641
39204,50.8,5.916
71949,52.312,5.481
50116,51.304,5.684
61025,51.808,5.365
50891,51.34,5.539
70828,52.258,6.902
54012,51.484,5.568
64178,51.952,6.322
54363,51.502,4.437
76209,52.51,4.611
90700,53.176,6.38
73088,52.366,4.582
73118,52.366,5.452
64136,51.952,5.104
71944,52.312,5.336
88695,53.086,4.785
71201,52.276,6.409
74689,52.438,5.771
87572,53.032,6.148
68796,52.168,4.524
55182,51.538,5.568
62200,51.862,5.51
67249,52.096,4.901
70031,52.222,6.409
49333,51.268,5.5969999999999995
54393,51.502,5.307
69597,52.204,5.133
63723,51.934,4.437
75047,52.456,4.843
72393,52.33,7.047
82507,52.798,6.293
61763,51.844,4.147
62581,51.88,5.249
79348,52.654,5.162
80583,52.708,7.047
83677,52.852,6.293
88763,53.086,6.757
64494,51.97,4.176
55186,51.538,5.684
86431,52.978,6.989
55917,51.574,4.263
71954,52.312,5.626
63719,51.934,4.321
51604,51.376,3.596
65313,52.006,5.307
62546,51.88,4.234
75075,52.456,5.655
71994,52.312,6.786
64112,51.952,4.408
58275,51.682,4.785
95003,53.374,6.757
66849,52.078,4.611
75493,52.474,6.467
55116,51.538,3.654
68015,52.132,4.495
46614,51.142,5.916
68483,52.15,6.757
92659,53.266,6.641
64546,51.97,5.684
48957,51.25,6.003
47777,51.196,5.713
64566,51.97,6.264
55900,51.574,3.77
44272,51.034,5.858
79773,52.672,6.177
66871,52.078,5.249
61434,51.826,5.916
88760,53.086,6.67
53972,51.484,4.408
92233,53.248,5.5969999999999995
62555,51.88,4.495
87982,53.05,6.728
71972,52.312,6.148
84023,52.87,5.017
94602,53.356,6.438
61428,51.826,5.742
92625,53.266,5.655
64576,51.97,6.554
64551,51.97,5.829
63336,51.916,4.524
69964,52.222,4.466
55545,51.556,4.785
70048,52.222,6.902
69967,52.222,4.553
80132,52.69,5.2780000000000005
84428,52.888,5.452
66138,52.042,6.612
62162,51.862,4.408
60246,51.772,5.394
57137,51.628,5.713
50511,51.322,5.829
63352,51.916,4.9879999999999995
60989,51.808,4.321
93023,53.284,5.8870000000000005
70378,52.24,5.162
63384,51.916,5.916
71168,52.276,5.452
54807,51.52,6.003
66477,52.06,5.133
73087,52.366,4.553
68032,52.132,4.9879999999999995
64946,51.988,5.974
95787,53.41,6.873
87565,53.032,5.945
72754,52.348,6.206
70768,52.258,5.162
72726,52.348,5.394
57505,51.646,5.075
64900,51.988,4.64
49271,51.268,3.799
67641,52.114,4.959
69974,52.222,4.756
58682,51.7,5.2780000000000005
89497,53.122,5.423
77423,52.564,5.8870000000000005
69602,52.204,5.2780000000000005
86806,52.996,6.554
54418,51.502,6.032
81685,52.762,5.075
54371,51.502,4.6690000000000005
81740,52.762,6.67
61021,51.808,5.249
87207,53.014,6.873
91460,53.212,5.8
55201,51.538,6.119
66896,52.078,5.974
94216,53.338,6.554
67694,52.114,6.496
86413,52.978,6.467
71550,52.294,5.22
64181,51.952,6.409
61402,51.826,4.9879999999999995
57519,51.646,5.481
80131,52.69,5.249
64556,51.97,5.974
68826,52.168,5.394
68048,52.132,5.452
71138,52.276,4.582
86435,52.978,7.105
94213,53.338,6.467
65302,52.006,4.9879999999999995
84041,52.87,5.539
80167,52.69,6.293
70806,52.258,6.264
92235,53.248,5.655
57500,51.646,4.93
53620,51.466,5.51
85987,52.96,5.423
66125,52.042,6.235
85259,52.924,6.931
88358,53.068,6.322
50887,51.34,5.423
87603,53.032,7.047
66500,52.06,5.8
68822,52.168,5.2780000000000005
73091,52.366,4.6690000000000005
90326,53.158,6.844
42327,50.944,6.003
67644,52.114,5.046
75486,52.474,6.264
77427,52.564,6.003
75830,52.492,4.93
54757,51.52,4.553
62152,51.862,4.118
63773,51.934,5.8870000000000005
82490,52.798,5.8
61365,51.826,3.915
57894,51.664,5.046
92249,53.248,6.061
40377,50.854,6.003
96923,53.464,5.8870000000000005
75069,52.456,5.481
84051,52.87,5.829
61790,51.844,4.93
41542,50.908,5.858
78592,52.618,5.858
84433,52.888,5.5969999999999995
78620,52.618,6.67
55144,51.538,4.466
79735,52.672,5.075
80519,52.708,5.191
74267,52.42,4.843
80187,52.69,6.873
85247,52.924,6.583
72348,52.33,5.742
52792,51.43,4.118
68021,52.132,4.6690000000000005
52017,51.394,4.263
65298,52.006,4.872
51228,51.358,4.002
63399,51.916,6.351
53630,51.466,5.8
82530,52.798,6.96
91491,53.212,6.699
51657,51.376,5.133
91898,53.23,7.192
69224,52.186,5.626
62153,51.862,4.147
51993,51.394,3.567
68443,52.15,5.5969999999999995
81746,52.762,6.844
76609,52.528,4.901
50103,51.304,5.307
51662,51.376,5.2780000000000005
64953,51.988,6.177
61798,51.844,5.162
59026,51.718,3.944
61382,51.826,4.408
82459,52.798,4.901
90678,53.176,5.742
65283,52.006,4.437
89141,53.104,6.409
62606,51.88,5.974
67643,52.114,5.017
58667,51.7,4.843
73482,52.384,4.698
94188,53.338,5.742
71978,52.312,6.322
63766,51.934,5.684
73562,52.384,7.018
54343,51.502,3.857
87984,53.05,6.786
68464,52.15,6.206
66514,52.06,6.206
71532,52.294,4.698
72770,52.348,6.67
75433,52.474,4.727
59440,51.736,4.64
76997,52.546,4.843
83668,52.852,6.032
82465,52.798,5.075
70037,52.222,6.583
69202,52.186,4.9879999999999995
80896,52.726,4.814
60997,51.808,4.553
68402,52.15,4.408
61394,51.826,4.756
54750,51.52,4.35
73100,52.366,4.93
50443,51.322,3.857
79373,52.654,5.8870000000000005
62583,51.88,5.307
38807,50.782,5.713
49734,51.286,5.916
61027,51.808,5.423
76608,52.528,4.872
50889,51.34,5.481
84828,52.906,5.742
39588,50.818,5.742
59802,51.754,3.8280000000000003
78945,52.636,4.785
62575,51.88,5.075
53243,51.448,5.8870000000000005
63781,51.934,6.119
60990,51.808,4.35
85185,52.924,4.785
62554,51.88,4.466
81362,52.744,7.018
88342,53.068,5.858
66080,52.042,4.93
89503,53.122,5.5969999999999995
64496,51.97,4.234
52799,51.43,4.321
75479,52.474,6.061
68062,52.132,5.858
73109,52.366,5.191
76260,52.51,6.09
39592,50.818,5.858
55946,51.574,5.104
76989,52.546,4.611
74654,52.438,4.756
93019,53.284,5.771
80129,52.69,5.191
91850,53.23,5.8
76247,52.51,5.713
61820,51.844,5.8
53569,51.466,4.031
80966,52.726,6.844
73528,52.384,6.032
50043,51.304,3.567
92243,53.248,5.8870000000000005
68442,52.15,5.568
66071,52.042,4.6690000000000005
66868,52.078,5.162
57886,51.664,4.814
64146,51.952,5.394
64154,51.952,5.626
50126,51.304,5.974
80507,52.708,4.843
65664,52.024,4.176
83664,52.852,5.916
85623,52.942,6.177
57905,51.664,5.365
74261,52.42,4.6690000000000005
67293,52.096,6.177
87563,53.032,5.8870000000000005
58254,51.682,4.176
75082,52.456,5.858
72314,52.33,4.756
54783,51.52,5.307
73904,52.402,5.626
78599,52.618,6.061
62566,51.88,4.814
73537,52.384,6.293
76990,52.546,4.64
57496,51.646,4.814
88323,53.068,5.307
61419,51.826,5.481
64139,51.952,5.191
50516,51.322,5.974
53633,51.466,5.8870000000000005
68872,52.168,6.728
60645,51.79,5.655
84452,52.888,6.148
41545,50.908,5.945
64508,51.97,4.582
63321,51.916,4.089
42710,50.962,5.8
54364,51.502,4.466
65341,52.006,6.119
68053,52.132,5.5969999999999995
64971,51.988,6.699
69588,52.204,4.872
71606,52.294,6.844
40758,50.872,5.742
66912,52.078,6.438
92652,53.266,6.438
69192,52.186,4.698
75077,52.456,5.713
62548,51.88,4.292
80573,52.708,6.757
80564,52.708,6.496
69211,52.186,5.249
93807,53.32,6.003
54383,51.502,5.017
41934,50.926,5.916
80540,52.708,5.8
82521,52.798,6.699
54016,51.484,5.684
60624,51.79,5.046
41936,50.926,5.974
61779,51.844,4.611
69185,52.186,4.495
63391,51.916,6.119
64162,51.952,5.858
38817,50.782,6.003
62155,51.862,4.205
73550,52.384,6.67
93448,53.302,6.902
85260,52.924,6.96
88743,53.086,6.177
81287,52.744,4.843
80954,52.726,6.496
66869,52.078,5.191
64921,51.988,5.249
62163,51.862,4.437
51218,51.358,3.7119999999999997
59485,51.736,5.945
67703,52.114,6.757
79341,52.654,4.959
67313,52.096,6.757
50513,51.322,5.8870000000000005
92252,53.248,6.148
91459,53.212,5.771
81322,52.744,5.858
95397,53.392,6.873
69985,52.222,5.075
92644,53.266,6.206
51690,51.376,6.09
64114,51.952,4.466
58660,51.7,4.64
57458,51.646,3.7119999999999997
55119,51.538,3.741
72743,52.348,5.8870000000000005
80961,52.726,6.699
71142,52.276,4.698
55187,51.538,5.713
82886,52.816,5.974
73143,52.366,6.177
64567,51.97,6.293
75038,52.456,4.582
60252,51.772,5.568
63375,51.916,5.655
89913,53.14,6.177
61766,51.844,4.234
67266,52.096,5.394
88307,53.068,4.843
76613,52.528,5.017
50886,51.34,5.394
55189,51.538,5.771
40373,50.854,5.8870000000000005
66490,52.06,5.51
54755,51.52,4.495
69579,52.204,4.611
75103,52.456,6.467
51694,51.376,6.206
61012,51.808,4.9879999999999995
82519,52.798,6.641
66877,52.078,5.423
69992,52.222,5.2780000000000005
49661,51.286,3.799
55944,51.574,5.046
66479,52.06,5.191
57888,51.664,4.872
50063,51.304,4.147
85212,52.924,5.568
94219,53.338,6.641
81729,52.762,6.351
85964,52.96,4.756
92286,53.248,7.134
57480,51.646,4.35
91856,53.23,5.974
96164,53.428,6.496
76661,52.528,6.409
94217,53.338,6.583
60249,51.772,5.481
66102,52.042,5.568
71596,52.294,6.554
51664,51.376,5.336
72742,52.348,5.858
57102,51.628,4.698
81722,52.762,6.148
89158,53.104,6.902
92280,53.248,6.96
69214,52.186,5.336
93821,53.32,6.409
79783,52.672,6.467
55924,51.574,4.466
77056,52.546,6.554
59811,51.754,4.089
73483,52.384,4.727
55929,51.574,4.611
70439,52.24,6.931
80554,52.708,6.206
68427,52.15,5.133
41153,50.89,5.8870000000000005
63757,51.934,5.423
90322,53.158,6.728
58683,51.7,5.307
73123,52.366,5.5969999999999995
58310,51.682,5.8
85573,52.942,4.727
77826,52.582,6.264
53167,51.448,3.683
65739,52.024,6.351
47009,51.16,6.061
67667,52.114,5.713
74309,52.42,6.061
54006,51.484,5.394
61433,51.826,5.8870000000000005
64920,51.988,5.22
89934,53.14,6.786
95780,53.41,6.67
49712,51.286,5.2780000000000005
80128,52.69,5.162
64890,51.988,4.35
79740,52.672,5.22
89922,53.14,6.438
91851,53.23,5.829
71137,52.276,4.553
63758,51.934,5.452
81350,52.744,6.67
59851,51.754,5.249
70433,52.24,6.757
74257,52.42,4.553
59427,51.736,4.263
57110,51.628,4.93
89921,53.14,6.409
53242,51.448,5.858
68487,52.15,6.873
58299,51.682,5.481
48956,51.25,5.974
48564,51.232,5.916
56330,51.592,4.93
86777,52.996,5.713
61389,51.826,4.611
91847,53.23,5.713
71186,52.276,5.974
66101,52.042,5.539
71162,52.276,5.2780000000000005
69181,52.186,4.379
79800,52.672,6.96
63725,51.934,4.495
88369,53.068,6.641
91480,53.212,6.38
88353,53.068,6.177
65676,52.024,4.524
68415,52.15,4.785
57526,51.646,5.684
71575,52.294,5.945
56740,51.61,5.51
62968,51.898,5.162
85999,52.96,5.771
57868,51.664,4.292
51304,51.358,6.206
51284,51.358,5.626
91114,53.194,7.076
68797,52.168,4.553
65311,52.006,5.249
82884,52.816,5.916
84457,52.888,6.293
62976,51.898,5.394
75847,52.492,5.423
80552,52.708,6.148
73938,52.402,6.612
55530,51.556,4.35
87197,53.014,6.583
69645,52.204,6.525
65711,52.024,5.539
48889,51.25,4.031
54397,51.502,5.423
80179,52.69,6.641
50444,51.322,3.886
93436,53.302,6.554
62166,51.862,4.524
58699,51.7,5.771
77831,52.582,6.409
93028,53.284,6.032
58643,51.7,4.147
74318,52.42,6.322
78952,52.636,4.9879999999999995
85575,52.942,4.785
65696,52.024,5.104
62938,51.898,4.292
76668,52.528,6.612
83282,52.834,6.148
56707,51.61,4.553
64161,51.952,5.829
88777,53.086,7.163
82516,52.798,6.554
94612,53.356,6.728
79739,52.672,5.191
64894,51.988,4.466
71570,52.294,5.8
74296,52.42,5.684
52050,51.394,5.22
76638,52.528,5.742
80955,52.726,6.525
71212,52.276,6.728
91866,53.23,6.264
49341,51.268,5.829
60622,51.79,4.9879999999999995
71952,52.312,5.568
61812,51.844,5.568
77001,52.546,4.959
79802,52.672,7.018
53233,51.448,5.5969999999999995
69261,52.186,6.699
69222,52.186,5.568
64163,51.952,5.8870000000000005
91059,53.194,5.481
84445,52.888,5.945
76637,52.528,5.713
77782,52.582,4.9879999999999995
67269,52.096,5.481
90307,53.158,6.293
76602,52.528,4.698
78607,52.618,6.293
86785,52.996,5.945
60653,51.79,5.8870000000000005
83273,52.834,5.8870000000000005
57107,51.628,4.843
63376,51.916,5.684
62997,51.898,6.003
94202,53.338,6.148
86405,52.978,6.235
76992,52.546,4.698
78562,52.618,4.9879999999999995
70818,52.258,6.612
91511,53.212,7.279
68801,52.168,4.6690000000000005
64545,51.97,5.655
55893,51.574,3.567
82069,52.78,4.901
78985,52.636,5.945
64575,51.97,6.525
46223,51.124,5.8870000000000005
85243,52.924,6.467
41154,50.89,5.916
77027,52.546,5.713
93426,53.302,6.264
66484,52.06,5.336
59024,51.718,3.886
77037,52.546,6.003
83700,52.852,6.96
70397,52.24,5.713
93058,53.284,6.902
